{"intercept":666.2282441773777,"coefficients":[-48.13479680204503,37.1224744882289,25.549382693437465,-21.859484724962783,45.83521844485038,-66.07379798662464,-97.38304954458283,122.60905806039791,14.594791950248204,40.326589558036304,-41.85448899160036,26.203194365851132,-12.52768905769156,-16.69687108171364,-8.64483266428072,-1754251.3168515183,1710111.1587618303,-4.718693936353333,44143.37331304265,-2.0090458761501395e-05,42.88662902924949,-8.773656823791939,234.57229433841766,-0.2736964712427721,1.6017475654581403,27.626407519471556,-11.358987319555268,-226.64945245997515,-2.6020565692287505,-466.18004314375213,498.01707931991183,33.4167750919914,4.776092451424148,35.86468453175621,-13.894304998364532,-14.225157259730622,27.681577861949336,-23.383062535809586,14.254582589870552,-15.50803632219322,-6.8770087428274564,-181.31659115478396,32.42754720407538,56.16777738271048,92.72139554504975,3.1087818772066385,20.013489325843693,-30.07777978201193,-77.5069313536369,212.7557375399192,200.69432718853932,240.86593454662943,-26.213824201899115,-163.97060403315845,202.33424211564125,69.95473078406667,-249.32650613507212,-203.02793930543703,221.41656061232788,-303.4589907781119,-117.56121462106239,-323.11571324407976,-732.2464269007596,-931.6764876591128,-71.88977645731393,1279.9342514890304,-213.48514808924028,-61.080482076615,-64.23463279055477,87.93261933663598,-33.10800396535524,12.980961505294545,-19.713185460990644,-139.44627244088406,-229.93548186635599,194.71609059459297,942.5606326960799,-517.9738170539986,-259.24609653965933,-7.674425754812546,48.337499886779824,17.009162898451905,37.5152679606108,79.69890329977352,35.84704167877521,480.87807109134155,-424.1181743453235,-67.08118740100372,-71.19077718817425,-99.41999011236476,-59.2745165227243,-64.91200634496818,-114.55150302656693,-216.06788082957064,-101.59962179703871,-942.8191067146995,489.75001162844273,-8.087724974644857,-398.690907594671,10.33106466413301,-35.99891575712536,-73.95039074192755,72.90360351698837,138.0662983775892,362.8488483674722,90.30165530122758,-112.72262389752882,-97.52776629137588,-115.68481465236982,-345.88780865450144,-49.45285215291369,35.75938617406064,1097.2273530890234,-199.86369301145487,366.95643044379085,-48.39406746698751,-175.8815826237187,132.3780559829047,373.9327911177079,133.47745791235866,313.16016576662514,348.17793895524665,138.06753707692633,330.22536710841814,677.5311821271316,-303.8640951597554,34.29908255940404,303.1670602199738,-62.19035476881254,-93.2377199325856,13.362362537169247,3.5517145397971035,43.114210441797695,46.99143324136821,-301.8875184597273,-17.84229416934977,-287.11571296969487,-237.62804943041374,-41.22197930176935,294.6376700496767,-87.52950497725124,109.58560744315037,-316.6938046076102],"input_map":{"neighbourhood_cleansed":"neighbourhood","room_type":"room_type","property_type":"property_type","host_response_time":"host_response_time","accommodates":"accommodates","bedrooms":"bedrooms","beds":"beds","bathrooms":"bathrooms","minimum_nights":"minimum_nights","availability_365":"availability_365"},"template":{"host_response_rate":null,"host_acceptance_rate":0.0,"host_is_superhost":0.0,"host_listings_count":1.0,"host_total_listings_count":1.0,"latitude":19.39818,"longitude":-99.17636,"accommodates":1,"bathrooms":0.5,"bedrooms":1.0,"beds":0.0,"minimum_nights":1,"maximum_nights":365,"minimum_minimum_nights":1.0,"maximum_minimum_nights":1.0,"minimum_maximum_nights":365.0,"maximum_maximum_nights":365.0,"minimum_nights_avg_ntm":1.0,"maximum_nights_avg_ntm":365.0,"has_availability":null,"availability_30":30,"availability_60":60,"availability_90":90,"availability_365":269,"number_of_reviews":0,"number_of_reviews_ltm":0,"number_of_reviews_l30d":0,"availability_eoy":95,"number_of_reviews_ly":0,"estimated_occupancy_l365d":0,"estimated_revenue_l365d":0.0,"review_scores_rating":null,"review_scores_accuracy":null,"review_scores_cleanliness":null,"review_scores_checkin":null,"review_scores_communication":null,"review_scores_location":null,"review_scores_value":null,"instant_bookable":0.0,"calculated_host_listings_count":1,"reviews_per_month":null,"host_response_time":null,"neighbourhood_cleansed":"Miguel Hidalgo","property_type":"Private room in rental unit","room_type":"Private room"},"numeric":{"columns":["host_response_rate","host_acceptance_rate","host_is_superhost","host_listings_count","host_total_listings_count","latitude","longitude","accommodates","bathrooms","bedrooms","beds","minimum_nights","maximum_nights","minimum_minimum_nights","maximum_minimum_nights","minimum_maximum_nights","maximum_maximum_nights","minimum_nights_avg_ntm","maximum_nights_avg_ntm","has_availability","availability_30","availability_60","availability_90","availability_365","number_of_reviews","number_of_reviews_ltm","number_of_reviews_l30d","availability_eoy","number_of_reviews_ly","estimated_occupancy_l365d","estimated_revenue_l365d","review_scores_rating","review_scores_accuracy","review_scores_cleanliness","review_scores_checkin","review_scores_communication","review_scores_location","review_scores_value","instant_bookable","calculated_host_listings_count","reviews_per_month"],"imputer_statistics":[100.0,99.0,0.0,5.0,6.0,19.41584,-99.16623,2.0,1.0,1.0,1.0,1.0,365.0,1.0,2.0,384.0,999.0,2.0,730.0,1.0,18.0,40.0,66.0,283.0,25.0,10.0,1.0,70.0,5.0,66.0,55200.0,4.83,4.87,4.84,4.91,4.92,4.92,4.8,0.0,4.0,1.42],"scaler_mean":[94.31515568553243,90.35185503755949,0.3880956476862205,25.067664430299903,33.295773840243136,19.406391558827238,-99.16397814919185,3.1055106370778143,1.3436836974597168,1.3984173404438327,1.7890934113194563,3.4692929640461037,477.9491369918,2.9724754859797007,3.96169505132175,246970.3351109582,246998.24353460633,3.298061815471071,246987.9204369516,1.0,16.404208956935605,35.875279545845515,58.36521589540685,254.1892883766271,58.97052583290326,17.640059636447045,1.4234761167498136,62.09524628705774,14.173117724640175,93.92797752164688,105001.42359080222,4.759533803543781,4.792841332645221,4.761942771947933,4.844872985836344,4.836617351912381,4.845177475772693,4.723099374964161,0.4354607488961523,15.019840587189632,1.947109352600493],"scaler_scale":[19.139217468277753,22.999566207436025,0.48731654592598594,81.98411247922598,111.67394366762119,0.042038399727032015,0.033760350906042194,1.8568511301365729,0.7163472468147734,0.8243177544047332,1.3193171834485566,15.200182489115234,391.71940463950546,13.895146880939992,17.01969663449571,22996356.402454395,22996356.104193684,14.512680259842035,22996356.214728862,1.0,10.582191727479158,19.71648601272448,28.166310925646034,105.00889844006176,89.25594751674919,24.436458974829183,2.487812242257602,29.60958258609968,21.935653827931368,91.3425554864066,128633.79558139636,0.3490871099024765,0.3415052803788003,0.34440125473193706,0.2973127820978103,0.3271601983395328,0.2819092526879934,0.3614630720108222,0.49581718916043493,32.376043909506286,2.1399656447585476]},"categorical":{"columns":["host_response_time","neighbourhood_cleansed","property_type","room_type"],"imputer_statistics":["within an hour","Cuauht\u00e9moc","Entire rental unit","Entire home/apt"],