{"intercept":668.382301739696,"coefficients":[-47.779148930459364,36.84268777193341,25.601213050301272,-21.865952785538347,45.32568438071341,-65.32714145709767,-97.92072998305773,123.781642831589,45.78422730819691,-40.631919297205336,24.34095036482808,-12.790089919053969,-17.726568010452198,-9.521934546758102,-1714627.4956102874,1621077.7772697003,-0.7295575196211477,93552.82851062519,8.08400867882142e-05,42.37352339863517,-7.6787073464649325,237.39560293965104,-0.23592398872438025,1.5767830782451426,27.257327408981354,-11.31219871017413,-230.25262248121706,-2.3161345990425417,-468.4861998893218,500.2486672295661,33.18815923066719,4.421071446190066,35.06880790157129,-14.06829010634101,-13.840848538093269,27.866005356889218,-22.781187120330287,14.136819478764664,-13.839381992351264,-6.8467738257022575,-181.05652109516086,32.34968118718825,55.809234176413156,92.89756254618987,-0.840205559664355,21.122342454618774,-30.392063816951122,-75.54755408447818,212.97561251898878,197.89705116865662,240.1507668397644,-27.254909134670015,-163.19748036697274,202.07741440545942,73.2866796799924,-248.12100813748043,-201.41084971340024,219.19072060490362,-302.224032821872,-117.71247193847194,-341.688277673345,-735.3748625453563,-926.7488292467738,-77.64303233103783,1288.0040390104623,-221.31094274686802,-64.88924099842592,-66.30992628826289,82.5702417424618,-33.37845190484404,11.025431762303924,-7.845221210729505,-141.40800293034408,-226.13045142532792,197.27380314796028,951.0473873707147,-520.6200372679859,-270.06526974200517,-10.527098520484287,46.20552539624305,14.21730496827513,34.472020672285,74.9780498591499,29.674321603414683,478.29147536105665,-400.09998917351186,-74.09271463023106,-69.01741019075416,-102.81613433238817,-42.880513043484825,-66.96255844122243,-110.19142559419561,-215.24779128472437,-102.35155855625635,-945.6822853194544,485.32108204126416,-3.313532215189298,-399.551257577393,10.07212567710667,-29.288643681633403,-70.22831325689913,86.29473891334783,134.09072301802644,363.0383451354087,94.55072736745933,-116.63900017122143,-100.61630422176859,-116.02384334519593,-352.6337027032255,-46.2342189111223,67.32450587146195,1093.6326475469177,-194.96371537838786,364.5739704916682,-48.75843108252229,-170.95546123723034,142.6588445801608,370.0015184760432,134.5894777420326,311.04615757323336,344.92970310868986,139.53944193949224,328.89340904162236,678.1487154019924,-279.7614384607923,45.500594142711634,287.2587518482178,-29.296309656929225,-93.0609098275745,13.050707973598037,5.643393665355688,9.968610633111894,35.90490284388943,-304.62681663417607,-18.708982413656486,-323.542671040017,-239.30434285922092,-43.002819142801854,293.2100418601185,-91.6238613980313,107.83234600594733,-309.4185033542508],"input_map":{"neighbourhood_cleansed":"neighbourhood","room_type":"room_type","property_type":"property_type","host_response_time":"host_response_time","accommodates":"accommodates","bedrooms":"bedrooms","beds":"beds","bathrooms":"bathrooms","minimum_nights":"minimum_nights","availability_365":"availability_365"},"template":{"host_response_rate":null,"host_acceptance_rate":0.0,"host_is_superhost":0.0,"host_listings_count":1.0,"host_total_listings_count":1.0,"latitude":19.39818,"longitude":-99.17636,"accommodates":1,"bedrooms":1.0,"beds":0.0,"minimum_nights":1,"maximum_nights":365,"minimum_minimum_nights":1.0,"maximum_minimum_nights":1.0,"minimum_maximum_nights":365.0,"maximum_maximum_nights":365.0,"minimum_nights_avg_ntm":1.0,"maximum_nights_avg_ntm":365.0,"has_availability":null,"availability_30":30,"availability_60":60,"availability_90":90,"availability_365":269,"number_of_reviews":0,"number_of_reviews_ltm":0,"number_of_reviews_l30d":0,"availability_eoy":95,"number_of_reviews_ly":0,"estimated_occupancy_l365d":0,"estimated_revenue_l365d":0.0,"review_scores_rating":null,"review_scores_accuracy":null,"review_scores_cleanliness":null,"review_scores_checkin":null,"review_scores_communication":null,"review_scores_location":null,"review_scores_value":null,"instant_bookable":0.0,"calculated_host_listings_count":1,"reviews_per_month":null,"host_response_time":null,"neighbourhood_cleansed":"Miguel Hidalgo","property_type":"Private room in rental unit","room_type":"Private room"},"numeric":{"columns":["host_response_rate","host_acceptance_rate","host_is_superhost","host_listings_count","host_total_listings_count","latitude","longitude","accommodates","bedrooms","beds","minimum_nights","maximum_nights","minimum_minimum_nights","maximum_minimum_nights","minimum_maximum_nights","maximum_maximum_nights","minimum_nights_avg_ntm","maximum_nights_avg_ntm","has_availability","availability_30","availability_60","availability_90","availability_365","number_of_reviews","number_of_reviews_ltm","number_of_reviews_l30d","availability_eoy","number_of_reviews_ly","estimated_occupancy_l365d","estimated_revenue_l365d","review_scores_rating","review_scores_accuracy","review_scores_cleanliness","review_scores_checkin","review_scores_communication","review_scores_location","review_scores_value","instant_bookable","calculated_host_listings_count","reviews_per_month"],"imputer_statistics":[100.0,99.0,0.0,5.0,6.0,19.41584,-99.16623,2.0,1.0,1.0,1.0,365.0,1.0,2.0,384.0,999.0,2.0,730.0,1.0,18.0,40.0,66.0,283.0,25.0,10.0,1.0,70.0,5.0,66.0,55200.0,4.83,4.87,4.84,4.91,4.92,4.92,4.8,0.0,4.0,1.42],"scaler_mean":[94.31515568553243,90.35185503755949,0.3880956476862205,25.067664430299903,33.295773840243136,19.406391558827238,-99.16397814919185,3.1055106370778143,1.3984173404438327,1.7890934113194563,3.4692929640461037,477.9491369918,2.9724754859797007,3.96169505132175,246970.3351109582,246998.24353460633,3.298061815471071,246987.9204369516,1.0,16.404208956935605,35.875279545845515,58.36521589540685,254.1892883766271,58.97052583290326,17.640059636447045,1.4234761167498136,62.09524628705774,14.173117724640175,93.92797752164688,105001.42359080222,4.759533803543781,4.792841332645221,4.761942771947933,4.844872985836344,4.836617351912381,4.845177475772693,4.723099374964161,0.4354607488961523,15.019840587189632,1.947109352600493],"scaler_scale":[19.139217468277753,22.999566207436025,0.48731654592598594,81.98411247922598,111.67394366762119,0.042038399727032015,0.033760350906042194,1.8568511301365729,0.8243177544047332,1.3193171834485566,15.200182489115234,391.71940463950546,13.895146880939992,17.01969663449571,22996356.402454395,22996356.104193684,14.512680259842035,22996356.214728862,1.0,10.582191727479158,19.71648601272448,28.166310925646034,105.00889844006176,89.25594751674919,24.436458974829183,2.487812242257602,29.60958258609968,21.935653827931368,91.3425554864066,128633.79558139636,0.3490871099024765,0.3415052803788003,0.34440125473193706,0.2973127820978103,0.3271601983395328,0.2819092526879934,0.3614630720108222,0.49581718916043493,32.376043909506286,2.1399656447585476]},"categorical":{"columns":["host_response_time","neighbourhood_cleansed","property_type","room_type"],"imputer_statistics":["within an hour","Cuauht\u00e9moc","Entire rental unit","Entire home/apt"],